ScientistName,preparation,date,components,login,password
Ланчеков Алексей Тимофеевич,Зылорик,1489-05-21,"Chemical_63 Chemical_71 Chemical_40
",Ланчеков_АТ,asdfQWEG18
Ампипогов Михаил Юрьевич,Иммунивит,1664-02-17,"Chemical_100 Chemical_6 Chemical_44
",Ампипогов_МЮ,asdfQWEHL1
Тюлюлюева Анна Яковлевна,Нитросорбид,1827-09-25,"Chemical_18 Chemical_69 Chemical_93
",Тюлюлюева_АЯ,asdfQWEkF9
Неветруева Елена Эдуардовна,Гидрохлоротиазид,0902-11-21,"Chemical_15 Chemical_82 Chemical_21
",Неветруева_ЕЭ,asdfQWEk8g
Курочкин Руслан Аркадиевич,Золедроновая кислота,1389-01-05,"Chemical_44 Chemical_62 Chemical_73
",Курочкин_РА,asdfQWEG54
Рутковский Антон Кириллович,Бактрим,1327-01-22,"Chemical_19 Chemical_27 Chemical_68
",Рутковский_АК,asdfQWEm7h
Шабунов Юрий Алексиевич,Парацетамол,0970-10-22,"Chemical_41 Chemical_31 Chemical_39
",Шабунов_ЮА,asdfQWEFh5
Кожетев Максим Аркадиевич,Алпразолам,1743-04-03,"Chemical_26 Chemical_76 Chemical_16
",Кожетев_МА,asdfQWEH1g
Хусаинов Антон Алексеевич,Росувастатин,0949-06-08,"Chemical_89 Chemical_77 Chemical_35
",Хусаинов_АА,asdfQWEj93
Вендеров Никита Тимофеевич,Витамин С,1119-02-24,"Chemical_43 Chemical_97 Chemical_3
",Вендеров_НТ,asdfQWEG89
Дергунская Яна Эдуардовна,Колчицин,1909-04-19,"Chemical_70 Chemical_7 Chemical_23
",Дергунская_ЯЭ,asdfQWEm45
Заботнов Анатолий Максимович,Тианептин,1454-04-22,"Chemical_75 Chemical_98 Chemical_63
",Заботнов_АМ,asdfQWEj17
Рубинов Руслан Иванович,Рамиприл,1276-02-24,"Chemical_38 Chemical_46 Chemical_16
",Рубинов_РИ,asdfQWEG62
Крючатов Ярослав Антонович,Миртазапин,1734-03-17,"Chemical_51 Chemical_64 Chemical_70
",Крючатов_ЯА,asdfQWEHb6
Жебракова Полина Игоревна,Бисопролол,1886-02-19,"Chemical_87 Chemical_27 Chemical_19
",Жебракова_ПИ,asdfQWEm41
Данивецкая Виолетта Эдуардовна,Золедроновая кислота,1451-11-13,"Chemical_37 Chemical_65 Chemical_92
",Данивецкая_ВЭ,asdfQWEHG0
Мятлев Георгий Денисович,Азитромицин,1987-08-26,"Chemical_16 Chemical_14 Chemical_48
",Мятлев_ГД,asdfQWEm7g
Нетунаев Руслан Петрович,Клопидогрел,1969-06-01,"Chemical_99 Chemical_87 Chemical_25
",Нетунаев_РП,asdfQWEhL4
Аранышев Иван Юрьевич,Тианептин,1035-08-27,"Chemical_56 Chemical_60 Chemical_53
",Аранышев_ИЮ,asdfQWEF35
Курмелев Леонид Николаевич,Спазмалгон,1543-08-10,"Chemical_44 Chemical_43 Chemical_15
",Курмелев_ЛН,asdfQWEm56
Арончикова Вероника Викторовна,Живина,2000-01-25,"Chemical_22 Chemical_91 Chemical_60
",Арончикова_ВВ,asdfQWEh91
Гизулина Галина Ивановна,Омепразол,1875-10-22,"Chemical_9 Chemical_3 Chemical_59
",Гизулина_ГИ,asdfQWEgj0
Мразевский Артём Викторович,Диклофенак,1450-12-12,"Chemical_98 Chemical_9 Chemical_50
",Мразевский_АВ,asdfQWEmF0
Окладнова Алена Максимовна,Агонал,1765-03-28,"Chemical_26 Chemical_32 Chemical_27
",Окладнова_АМ,asdfQWEmG5
Курыпина Анастасия Валерьевна,Золекс,1663-06-14,"Chemical_1 Chemical_94 Chemical_63
",Курыпина_АВ,asdfQWEhg3
Алтамонов Борис Аркадиевич,Оланзапин,1215-11-17,"Chemical_57 Chemical_81 Chemical_21
",Алтамонов_БА,asdfQWEH3b
Бардаева Анна Михайловна,Пароксетин,1368-03-04,"Chemical_20 Chemical_65 Chemical_42
",Бардаева_АМ,asdfQWEg0F
Родных Игорь Михаилович,Валидол,1123-03-07,"Chemical_77 Chemical_45 Chemical_100
",Родных_ИМ,asdfQWEk6G
Маговский Константин Юриевич,Ацетилсалициловая кислота,1315-08-02,"Chemical_73 Chemical_92 Chemical_9
",Маговский_КЮ,asdfQWEhH3
Гергиев Олег Кириллович,Омепразол,1333-04-12,"Chemical_6 Chemical_93 Chemical_45
",Гергиев_ОК,asdfQWEG8c
Русалина Дарья Алексеевна,Ибупрофен,1390-11-03,"Chemical_26 Chemical_30 Chemical_82
",Русалина_ДА,asdfQWEk8n
Бухтулова Виктория Алексеевна,Бромгексин,1408-11-08,"Chemical_72 Chemical_8 Chemical_45
",Бухтулова_ВА,asdfQWEgn4
Сабаткоев Федор Викторович,Нимесулид,1531-01-04,"Chemical_55 Chemical_67 Chemical_74
",Сабаткоев_ФВ,asdfQWEj5k
Шмитов Никита Игоревич,Левофлоксацин,1817-07-04,"Chemical_41 Chemical_81 Chemical_61
",Шмитов_НИ,asdfQWEF3k
Стенцова Лиза Петровна,Диклофенак,1261-11-17,"Chemical_65 Chemical_13 Chemical_29
",Стенцова_ЛП,asdfQWEgG1
Ярычевский Максим Евгеньевич,Глюкозамин,1106-01-17,"Chemical_34 Chemical_86 Chemical_88
",Ярычевский_МЕ,asdfQWEj10
Шкваркин Федор Юрьевич,Тианептин,0929-07-27,"Chemical_67 Chemical_56 Chemical_43
",Шкваркин_ФЮ,asdfQWEjK2
Магусумова Ирина Олеговна,Дикарбазин,0991-07-16,"Chemical_51 Chemical_15 Chemical_2
",Магусумова_ИО,asdfQWEFg4
Шаморкина Галина Федоровна,Кладрибин,1633-08-02,"Chemical_61 Chemical_62 Chemical_48
",Шаморкина_ГФ,asdfQWEjJ0
Цицеров Альберт Антонович,Небиволол,1820-01-05,"Chemical_6 Chemical_48 Chemical_7
",Цицеров_АА,asdfQWEh79
Улерьянова Ксения Евгеньевна,Диклофенак,1523-11-17,"Chemical_1 Chemical_14 Chemical_96
",Улерьянова_КЕ,asdfQWEGK1
Ханмурзина Карина Игоревна,Енап,1309-08-18,"Chemical_21 Chemical_1 Chemical_34
",Ханмурзина_КИ,asdfQWEH1h
Гарская Евгения Никитична,Пилипен,1983-11-20,"Chemical_2 Chemical_15 Chemical_11
",Гарская_ЕН,asdfQWEG95
Гнетнев Григорий Денисович,Евалар солгар мультивитамини,1074-07-16,"Chemical_12 Chemical_69 Chemical_99
",Гнетнев_ГД,asdfQWEj9J
Бельцов Алексей Яковлевич,Ретардин,2011-04-09,"Chemical_2 Chemical_23 Chemical_92
",Бельцов_АЯ,asdfQWEHb7
Федурин Владимир Алексеевич,Амитриптилин,0982-10-20,"Chemical_5 Chemical_75 Chemical_78
",Федурин_ВА,asdfQWEmg1
Акацков Анатолий Кириллович,Бетаин,1567-02-19,"Chemical_73 Chemical_17 Chemical_48
",Акацков_АК,asdfQWEjJ9
Кумакова Жанна Борисовна,Лоразепам,1605-07-21,"Chemical_70 Chemical_36 Chemical_6
",Кумакова_ЖБ,asdfQWEG1J
Кобызева Ольга Андреевна,Лантус,1198-01-23,"Chemical_25 Chemical_64 Chemical_89
",Кобызева_ОА,asdfQWEH7c
Кимятов Владимир Евгеньевич,Дектанол,1854-12-15,"Chemical_43 Chemical_98 Chemical_34
",Кимятов_ВЕ,asdfQWEFj8
Милавина Виолетта Аркадьевна,Росувастатин,1215-12-04,"Chemical_40 Chemical_57 Chemical_47
",Милавина_ВА,asdfQWEm57
Манетов Павел Павлович,Бисакодил,0969-07-05,"Chemical_11 Chemical_13 Chemical_51
",Манетов_ПП,asdfQWEGb6
Сайдакова Людмила Вадимовна,Мелоксикам,1620-02-12,"Chemical_3 Chemical_23 Chemical_56
",Сайдакова_ЛВ,asdfQWEgb3
Туржанский Семён Антонович,Уоллтапс,1042-06-13,"Chemical_18 Chemical_78 Chemical_92
",Туржанский_СА,asdfQWEk7j
Цыпушкина Елена Андреевна,Енап,1837-04-20,"Chemical_77 Chemical_69 Chemical_1
",Цыпушкина_ЕА,asdfQWEj57
Лунарева Ксения Алексеевна,Ранитидин,1382-08-04,"Chemical_10 Chemical_97 Chemical_88
",Лунарева_КА,asdfQWEF19
Ивлюшин Георгий Николаевич,Амоксициллин,1202-01-01,"Chemical_85 Chemical_54 Chemical_72
",Ивлюшин_ГН,asdfQWEF0k
Гудашов Юрий Алексиевич,Ибупрофен,1736-03-19,"Chemical_7 Chemical_9 Chemical_40
",Гудашов_ЮА,asdfQWEk70
Чачкин Владислав Денисович,Небиволол,1474-01-02,"Chemical_85 Chemical_98 Chemical_94
",Чачкин_ВД,asdfQWEH2b
Тайдаков Виталий Романович,Габапентин,1154-10-13,"Chemical_10 Chemical_61 Chemical_4
",Тайдаков_ВР,asdfQWEhg2
Бояршинов Алексей Адамович,Ингавирин,1907-06-08,"Chemical_32 Chemical_35 Chemical_22
",Бояршинов_АА,asdfQWEFG4
Докшукина Оксана Петровна,Пилипен,1491-03-01,"Chemical_93 Chemical_32 Chemical_8
",Докшукина_ОП,asdfQWEm3H
Бганцева Клавдия Егоровна,Левофлоксацин,1306-02-15,"Chemical_18 Chemical_16 Chemical_12
",Бганцева_КЕ,asdfQWEk03
Чубокова Виолетта Валерьевна,Бактрим,1103-03-12,"Chemical_6 Chemical_72 Chemical_15
",Чубокова_ВВ,asdfQWEH6J
Голощапов Станислав Яковлевич,Азитромицин,1419-08-05,"Chemical_17 Chemical_73 Chemical_39
",Голощапов_СЯ,asdfQWEF30
Лукьянцев Эдуард Евгеньевич,Оксикодон,1320-05-12,"Chemical_40 Chemical_66 Chemical_81
",Лукьянцев_ЭЕ,asdfQWEh57
Мазаркина Инна Сергеевна,Урсофальк,1174-11-25,"Chemical_96 Chemical_27 Chemical_81
",Мазаркина_ИС,asdfQWEkh7
Иманалин Борис Кириллович,Сульфасалазин,1684-08-28,"Chemical_53 Chemical_71 Chemical_80
",Иманалин_БК,asdfQWEhj6
Поканкина Марина Михайловна,Глюкозамин,1008-12-26,"Chemical_2 Chemical_85 Chemical_55
",Поканкина_ММ,asdfQWEmK3
Такинова Жанна Эдуардовна,Тикалиптин,1257-06-04,"Chemical_2 Chemical_60 Chemical_35
",Такинова_ЖЭ,asdfQWEg73
Клецкина Виктория Яковлевна,Ёжик,1800-08-04,"Chemical_32 Chemical_18 Chemical_21
",Клецкина_ВЯ,asdfQWEj20
Космынин Константин Павлович,Мидокалм,1380-09-07,"Chemical_63 Chemical_19 Chemical_25
",Космынин_КП,asdfQWEg2n
Курцапов Виктор Иванович,Витамин С,1104-12-05,"Chemical_11 Chemical_22 Chemical_63
",Курцапов_ВИ,asdfQWEm3L
Шарафанова Виктория Егоровна,Протоник,1004-04-20,"Chemical_9 Chemical_97 Chemical_88
",Шарафанова_ВЕ,asdfQWEmk0
Лушаков Руслан Василиевич,Омепразол,1128-03-25,"Chemical_12 Chemical_17 Chemical_62
",Лушаков_РВ,asdfQWEg4b
Балченкова Оксана Вадимовна,Ранитидин,1438-04-13,"Chemical_9 Chemical_16 Chemical_4
",Балченкова_ОВ,asdfQWEF90
Комаровцев Михаил Максимович,Оксикодон,1424-12-02,"Chemical_6 Chemical_45 Chemical_21
",Комаровцев_ММ,asdfQWEk57
Машурцева Алена Кирилловна,Левотироксин,1548-02-02,"Chemical_42 Chemical_6 Chemical_92
",Машурцева_АК,asdfQWEj27
Алшибекова Вероника Леонидовна,Преднизолон,1231-04-18,"Chemical_64 Chemical_29 Chemical_68
",Алшибекова_ВЛ,asdfQWEh9H
Карликов Федор Викторович,Ацетилсалициловая кислота,1340-05-22,"Chemical_56 Chemical_36 Chemical_38
",Карликов_ФВ,asdfQWEh92
Махначев Павел Максимович,Урсофальк,0903-09-18,"Chemical_33 Chemical_5 Chemical_47
",Махначев_ПМ,asdfQWEH8j
Мухоткин Валентин Кириллович,Пилипен,1051-12-04,"Chemical_41 Chemical_17 Chemical_15
",Мухоткин_ВК,asdfQWEG3v
Ведмедова Раиса Дмитриевна,Бетаин,1312-08-23,"Chemical_78 Chemical_84 Chemical_23
",Ведмедова_РД,asdfQWEH87
Отовина Любовь Игоревна,Индометацин,1600-11-20,"Chemical_44 Chemical_90 Chemical_85
",Отовина_ЛИ,asdfQWEmH7
Алавердиев Степан Олегович,Росувастатин,1710-06-20,"Chemical_8 Chemical_73 Chemical_53
",Алавердиев_СО,asdfQWEgL3
Хотькова Виктория Игоревна,Сертралин,1015-01-18,"Chemical_77 Chemical_22 Chemical_2
",Хотькова_ВИ,asdfQWEmc3
Болхова Яна Никитична,Валидол,1988-08-09,"Chemical_27 Chemical_66 Chemical_94
",Болхова_ЯН,asdfQWEj5m
Савыкин Геннадий Георгиевич,Тианептин,1002-05-22,"Chemical_46 Chemical_14 Chemical_72
",Савыкин_ГГ,asdfQWEG06
Бобова Марина Вадимовна,Виагра,1968-03-15,"Chemical_33 Chemical_16 Chemical_31
",Бобова_МВ,asdfQWEm46
Будрецова Клавдия Вадимовна,Сертралин,1664-01-24,"Chemical_61 Chemical_38 Chemical_92
",Будрецова_КВ,asdfQWEh84
Мятов Алексей Юриевич,Рамиприл,1425-08-18,"Chemical_72 Chemical_56 Chemical_10
",Мятов_АЮ,asdfQWEj43
Кувецкая Валерия Леонидовна,Гидрохлоротиазид,1422-08-22,"Chemical_17 Chemical_69 Chemical_59
",Кувецкая_ВЛ,asdfQWEk6v
Буралкина Екатерина Аркадьевна,Омега-3 кислоты,1873-05-13,"Chemical_72 Chemical_28 Chemical_90
",Буралкина_ЕА,asdfQWEF31
Хихеткин Артур Евгеньевич,Азитромицин,1705-12-14,"Chemical_39 Chemical_80 Chemical_63
",Хихеткин_АЕ,asdfQWEjL6
Майоркин Николай Фёдорович,Бисакодил,1587-07-04,"Chemical_8 Chemical_2 Chemical_54
",Майоркин_НФ,asdfQWEG8J
Кудисов Леонид Фёдорович,Триптаны,1862-02-05,"Chemical_14 Chemical_99 Chemical_4
",Кудисов_ЛФ,asdfQWEh2g
Калмыков Эдуард Георгиевич,Лоразепам,1256-01-24,"Chemical_59 Chemical_99 Chemical_20
",Калмыков_ЭГ,asdfQWEmv6
Бетова Наталья Василевна,Дектанол,1422-04-20,"Chemical_38 Chemical_61 Chemical_89
",Бетова_НВ,asdfQWEH40
Искуснова Алла Максимовна,Золедроновая кислота,1269-06-24,"Chemical_80 Chemical_10 Chemical_51
",Искуснова_АМ,asdfQWEgc8
Ващугина Надежда Петровна,Метформин,1166-02-10,"Chemical_11 Chemical_45 Chemical_38
",Ващугина_НП,asdfQWEhk7
Каинкова Виктория Валерьевна,Амлодипин,1718-05-07,"Chemical_3 Chemical_98 Chemical_89
",Каинкова_ВВ,asdfQWEg52
Заиров Кирилл Максимович,Пропанолол,1288-01-06,"Chemical_27 Chemical_70 Chemical_95
",Заиров_КМ,asdfQWEj6L
Хайзникова Дарья Сергеевна,Пилипен,1987-10-10,"Chemical_97 Chemical_82 Chemical_99
",Хайзникова_ДС,asdfQWEF48
Литвинцов Степан Яковлевич,Ниссан,1343-04-25,"Chemical_57 Chemical_33 Chemical_36
",Литвинцов_СЯ,asdfQWEg0k
Кушаев Геннадий Игоревич,Диклофенак,1001-05-07,"Chemical_16 Chemical_48 Chemical_94
",Кушаев_ГИ,asdfQWEHF8
Шинякова Светлана Егоровна,Зинорам,1157-11-16,"Chemical_26 Chemical_5 Chemical_8
",Шинякова_СЕ,asdfQWEj6g
Федулин Альберт Иванович,Амоксиклав,1063-06-15,"Chemical_78 Chemical_30 Chemical_55
",Федулин_АИ,asdfQWEk78
Одноценова Мария Василевна,Бактрим,1426-04-13,"Chemical_14 Chemical_19 Chemical_45
",Одноценова_МВ,asdfQWEm3n
Любарцев Борис Викторович,Амитриптилин,1655-01-24,"Chemical_81 Chemical_12 Chemical_93
",Любарцев_БВ,asdfQWEH5K
Османова Екатерина Егоровна,Миртазапин,1509-03-03,"Chemical_96 Chemical_72 Chemical_69
",Османова_ЕЕ,asdfQWEk0K
Потрягина Кристина Романовна,Пропанолол,1060-03-02,"Chemical_58 Chemical_14 Chemical_83
",Потрягина_КР,asdfQWEH36
Балуев Семён Антонович,Норматен,1662-11-07,"Chemical_95 Chemical_58 Chemical_71
",Балуев_СА,asdfQWEG46
Екимовский Владислав Фёдорович,Венолайфт,0926-06-22,"Chemical_59 Chemical_56 Chemical_77
",Екимовский_ВФ,asdfQWEGv9
Шпанина Маргарита Максимовна,Пентоксифиллин,1432-09-20,"Chemical_12 Chemical_22 Chemical_37
",Шпанина_ММ,asdfQWEm7v
Пошнагова Юлия Кирилловна,Железа препараты,1815-11-04,"Chemical_61 Chemical_38 Chemical_2
",Пошнагова_ЮК,asdfQWEm54
Кудинкова Ирина Михайловна,Кандесартан,1580-12-23,"Chemical_90 Chemical_100 Chemical_60
",Кудинкова_ИМ,asdfQWEjG2
Водоморина Софья Яковлевна,Метопролол,1599-06-03,"Chemical_33 Chemical_79 Chemical_68
",Водоморина_СЯ,asdfQWEF3c
Липезина Анна Алексеевна,Тианептин,1244-04-02,"Chemical_17 Chemical_84 Chemical_70
",Липезина_АА,asdfQWEjK6
Илалов Тарас Яковлевич,Допамин,1025-05-04,"Chemical_51 Chemical_21 Chemical_67
",Илалов_ТЯ,asdfQWEk54
Лакушова Тамара Ивановна,Бетаин,1016-09-01,"Chemical_91 Chemical_90 Chemical_42
",Лакушова_ТИ,asdfQWEm2J
Ярмизина Алиса Богдановна,Живина,1120-09-19,"Chemical_11 Chemical_15 Chemical_69
",Ярмизина_АБ,asdfQWEm84
Зулков Станислав Антонович,Валацикловир,1630-11-10,"Chemical_7 Chemical_61 Chemical_87
",Зулков_СА,asdfQWEj9m
Кочурин Евгений Данилович,Транексамовая кислота,1574-01-11,"Chemical_97 Chemical_25 Chemical_5
",Кочурин_ЕД,asdfQWEj03
Череватова Вероника Вадимовна,Кандесартан,0998-12-19,"Chemical_39 Chemical_85 Chemical_90
",Череватова_ВВ,asdfQWEj2c
Курьянская Любовь Федоровна,Железа препараты,1432-03-23,"Chemical_31 Chemical_72 Chemical_15
",Курьянская_ЛФ,asdfQWEgL7
Бачалдина Яна Максимовна,Урсофальк,1492-06-18,"Chemical_16 Chemical_96 Chemical_33
",Бачалдина_ЯМ,asdfQWEH73
Наруцкая Катерина Андреевна,Венолайфт,0951-01-04,"Chemical_84 Chemical_47 Chemical_3
",Наруцкая_КА,asdfQWEHj3
Набилкова Софья Борисовна,Дексаметазон,1625-08-25,"Chemical_6 Chemical_96 Chemical_4
",Набилкова_СБ,asdfQWEm8G
Меркулов Андрей Аркадиевич,Мелоксикам,1905-09-07,"Chemical_46 Chemical_74 Chemical_56
",Меркулов_АА,asdfQWEm0G
Скитский Вадим Викторович,Лоразепам,1725-10-11,"Chemical_14 Chemical_81 Chemical_84
",Скитский_ВВ,asdfQWEh07
Шаульская Надежда Максимовна,Дектанол,1077-04-05,"Chemical_27 Chemical_31 Chemical_39
",Шаульская_НМ,asdfQWEHL0
Распевин Константин Валериевич,Гидрохлоротиазид,1634-09-05,"Chemical_31 Chemical_94 Chemical_68
",Распевин_КВ,asdfQWEh80
Агешкин Александр Романович,Бетаметазон,1403-04-27,"Chemical_97 Chemical_18 Chemical_58
",Агешкин_АР,asdfQWEFJ6
Хайдина Маргарита Алексеевна,Бромгексин,1448-08-07,"Chemical_71 Chemical_18 Chemical_99
",Хайдина_МА,asdfQWEg9j
Духиева Алла Никитична,Гидрохлоротиазид,1163-04-13,"Chemical_64 Chemical_11 Chemical_44
",Духиева_АН,asdfQWEmv2
Щуринова Ольга Вадимовна,Валацикловир,1171-09-14,"Chemical_1 Chemical_26 Chemical_84
",Щуринова_ОВ,asdfQWEm01
Кеплина Наталия Борисовна,Витамин С,1811-03-23,"Chemical_49 Chemical_75 Chemical_27
",Кеплина_НБ,asdfQWEjg1
Шелмаков Георгий Николаевич,Золаир,1188-05-12,"Chemical_93 Chemical_31 Chemical_58
",Шелмаков_ГН,asdfQWEG2k
Лошадина Екатерина Евгеньевна,Жасмин,1783-12-14,"Chemical_11 Chemical_44 Chemical_39
",Лошадина_ЕЕ,asdfQWEFk1
Ароматова Анастасия Максимовна,Железа препараты,1239-07-25,"Chemical_47 Chemical_7 Chemical_75
",Ароматова_АМ,asdfQWEFK0
Голыбина Оксана Михайловна,Евалар солгар мультивитамини,2022-02-08,"Chemical_100 Chemical_14 Chemical_94
",Голыбина_ОМ,asdfQWEkg8
Кувыршина Валерия Игоревна,Золекс,1630-01-01,"Chemical_64 Chemical_71 Chemical_27
",Кувыршина_ВИ,asdfQWEj7g
Хитьков Анатолий Петрович,Аллопуринол,1519-07-04,"Chemical_87 Chemical_96 Chemical_19
",Хитьков_АП,asdfQWEjc3
Шибилкин Яков Кириллович,Антациды,1518-10-06,"Chemical_83 Chemical_15 Chemical_80
",Шибилкин_ЯК,asdfQWEF6b
Кереметин Вячеслав Тимофеевич,Зинорам,1637-04-21,"Chemical_83 Chemical_25 Chemical_38
",Кереметин_ВТ,asdfQWEF1v
Брокина Дарья Олеговна,Ацетилсалициловая кислота,1327-01-03,"Chemical_8 Chemical_68 Chemical_90
",Брокина_ДО,asdfQWEHk5
Ачин Герасим Данилович,Гидрохлоротиазид,1014-01-22,"Chemical_18 Chemical_70 Chemical_37
",Ачин_ГД,asdfQWEk62
Тановицкий Тарас Виталиевич,Тикалиптин,1762-03-15,"Chemical_55 Chemical_91 Chemical_31
",Тановицкий_ТВ,asdfQWEkF4
Беломожнов Михаил Романович,Левотироксин,1072-09-24,"Chemical_46 Chemical_12 Chemical_12
",Беломожнов_МР,asdfQWEh5K
Хорошилин Кирилл Фёдорович,Мезим,1820-07-08,"Chemical_16 Chemical_44 Chemical_52
",Хорошилин_КФ,asdfQWEFj9
Киржанкова Алиса Вадимовна,Виалар,1652-12-11,"Chemical_76 Chemical_49 Chemical_89
",Киржанкова_АВ,asdfQWEk07
Цуканов Иван Иванович,Венолайфт,1674-07-26,"Chemical_9 Chemical_26 Chemical_26
",Цуканов_ИИ,asdfQWEk38
Потешных Дмитрий Иванович,Колчицин,1097-08-05,"Chemical_97 Chemical_4 Chemical_22
",Потешных_ДИ,asdfQWEg2c
Суряднова Виолетта Богдановна,Протоник,1700-07-01,"Chemical_88 Chemical_25 Chemical_95
",Суряднова_ВБ,asdfQWEkg2
Кажайкина Карина Эдуардовна,Парацетамол,1254-11-19,"Chemical_52 Chemical_10 Chemical_70
",Кажайкина_КЭ,asdfQWEF24
Рабовский Дмитрий Яковлевич,Витамин С,0924-02-08,"Chemical_35 Chemical_80 Chemical_55
",Рабовский_ДЯ,asdfQWEG3k
Едамов Аркадий Тимофеевич,Амоксициллин,1567-10-19,"Chemical_10 Chemical_40 Chemical_23
",Едамов_АТ,asdfQWEjg0
Столбова София Василевна,Атенолол,0940-07-17,"Chemical_47 Chemical_34 Chemical_45
",Столбова_СВ,asdfQWEk2n
Смаркин Семён Андреевич,Золаир,1973-12-11,"Chemical_66 Chemical_71 Chemical_50
",Смаркин_СА,asdfQWEhb6
Колтакова Алиса Максимовна,Иммунивит,1056-07-16,"Chemical_52 Chemical_1 Chemical_80
",Колтакова_АМ,asdfQWEj64
Фимошина Виктория Романовна,Левотироксин,1814-03-23,"Chemical_72 Chemical_3 Chemical_59
",Фимошина_ВР,asdfQWEGg2
Крыницкий Владимир Борисович,Омепразол,0959-10-21,"Chemical_4 Chemical_20 Chemical_41
",Крыницкий_ВБ,asdfQWEmG0
Косых Жанна Михайловна,Пентоксифиллин,1449-09-05,"Chemical_87 Chemical_89 Chemical_72
",Косых_ЖМ,asdfQWEgm2
Кваснинов Кирилл Адамович,Ретардин,1267-09-14,"Chemical_22 Chemical_11 Chemical_68
",Кваснинов_КА,asdfQWEm86
Чундерова Катерина Никитична,Колчицин,1755-10-02,"Chemical_68 Chemical_17 Chemical_74
",Чундерова_КН,asdfQWEF4k
Худаева Виктория Богдановна,Диклофенак,1833-07-23,"Chemical_29 Chemical_53 Chemical_96
",Худаева_ВБ,asdfQWEk21
Хапилов Герасим Денисович,Пропанолол,1458-04-23,"Chemical_10 Chemical_64 Chemical_91
",Хапилов_ГД,asdfQWEjm8
Ордянская Елизавета Вадимовна,Енап,1926-02-14,"Chemical_5 Chemical_9 Chemical_36
",Ордянская_ЕВ,asdfQWEH4h
Бахматова Вера Борисовна,Гропирон,1575-12-23,"Chemical_89 Chemical_82 Chemical_73
",Бахматова_ВБ,asdfQWEm10
Хатуцкая Галина Романовна,Урсофальк,1518-09-04,"Chemical_81 Chemical_50 Chemical_46
",Хатуцкая_ГР,asdfQWEkH2
Левжинская Екатерина Кирилловна,Атенолол,1830-03-09,"Chemical_98 Chemical_91 Chemical_74
",Левжинская_ЕК,asdfQWEk76
Колбиев Андрей Георгиевич,Миртазапин,1963-09-11,"Chemical_91 Chemical_45 Chemical_71
",Колбиев_АГ,asdfQWEk2G
Мамсуров Валентин Алексеевич,Урсофальк,1824-07-22,"Chemical_73 Chemical_82 Chemical_41
",Мамсуров_ВА,asdfQWEjb0
Нягусева Клара Никитична,Бактрим,1971-09-01,"Chemical_46 Chemical_84 Chemical_83
",Нягусева_КН,asdfQWEFJ8
Биклинев Никита Фёдорович,Евалар солгар мультивитамини,1124-08-10,"Chemical_26 Chemical_95 Chemical_71
",Биклинев_НФ,asdfQWEk12
Осоргин Григорий Денисович,Зылорик,1201-05-27,"Chemical_63 Chemical_98 Chemical_69
",Осоргин_ГД,asdfQWEF2v
Поводова Вероника Федоровна,Лозартан,1520-08-22,"Chemical_3 Chemical_5 Chemical_44
",Поводова_ВФ,asdfQWEH6L
Шишанкова Алла Алексеевна,Бензоилпероксид,1115-02-04,"Chemical_77 Chemical_66 Chemical_79
",Шишанкова_АА,asdfQWEFm5
Скарлыкин Павел Яковлевич,Золедроновая кислота,1037-07-04,"Chemical_5 Chemical_93 Chemical_49
",Скарлыкин_ПЯ,asdfQWEk0J
Корельцев Валерий Адамович,Валидол,2021-11-07,"Chemical_26 Chemical_60 Chemical_42
",Корельцев_ВА,asdfQWEjm7
Сочинский Владислав Антонович,Пилипен,1773-11-11,"Chemical_97 Chemical_8 Chemical_73
",Сочинский_ВА,asdfQWEHn3
Крамина Клара Дмитриевна,Мелатонин,1449-09-06,"Chemical_85 Chemical_77 Chemical_17
",Крамина_КД,asdfQWEj6b
Мошаева Кира Валерьевна,Глюкозамин,1709-01-08,"Chemical_25 Chemical_79 Chemical_11
",Мошаева_КВ,asdfQWEG2c
Ахмадуллин Александр Евгеньевич,Амитриптилин,0960-12-26,"Chemical_90 Chemical_77 Chemical_84
",Ахмадуллин_АЕ,asdfQWEjH3
Бургов Иван Михаилович,Итрафунгол,1145-09-06,"Chemical_26 Chemical_92 Chemical_80
",Бургов_ИМ,asdfQWEm8K
Мошевитин Юрий Виталиевич,Линезолид,1181-11-22,"Chemical_48 Chemical_97 Chemical_5
",Мошевитин_ЮВ,asdfQWEF3n
Макарова София Ивановна,Левофлоксацин,1331-02-21,"Chemical_69 Chemical_61 Chemical_62
",Макарова_СИ,asdfQWEmk3
Ганчева Кира Олеговна,Зылорик,1288-08-10,"Chemical_39 Chemical_83 Chemical_73
",Ганчева_КО,asdfQWEmg5
Алятин Эдуард Романович,Кладрибин,1409-03-13,"Chemical_51 Chemical_70 Chemical_29
",Алятин_ЭР,asdfQWEm4g
Глинкин Владимир Викторович,Пентоксифиллин,1637-09-23,"Chemical_11 Chemical_18 Chemical_63
",Глинкин_ВВ,asdfQWEmL9
Строгалев Леонид Вадимович,Пропанолол,1530-12-11,"Chemical_31 Chemical_96 Chemical_91
",Строгалев_ЛВ,asdfQWEhH9
Гирина Ева Никитична,Живина,1850-01-12,"Chemical_94 Chemical_8 Chemical_86
",Гирина_ЕН,asdfQWEj7F
Нецкина Елизавета Василевна,Вальтрекс,0901-02-23,"Chemical_27 Chemical_12 Chemical_63
",Нецкина_ЕВ,asdfQWEjg4
Тахтауров Эдуард Данилович,Норматен,1717-01-20,"Chemical_92 Chemical_81 Chemical_32
",Тахтауров_ЭД,asdfQWEGJ3
Новеньких Валерий Борисович,Азитромицин,1107-06-25,"Chemical_98 Chemical_81 Chemical_70
",Новеньких_ВБ,asdfQWEgv6
Веденисов Василий Юриевич,Бетаметазон,1760-03-11,"Chemical_1 Chemical_79 Chemical_23
",Веденисов_ВЮ,asdfQWEF53
Назарбаев Геннадий Вадимович,Ёжик,1739-07-09,"Chemical_68 Chemical_66 Chemical_31
",Назарбаев_ГВ,asdfQWEm4J
Верескина Ольга Сергеевна,Рибавирин,1439-04-28,"Chemical_2 Chemical_38 Chemical_70
",Верескина_ОС,asdfQWEh06
Мойкина Инна Василевна,Рибавирин,1790-07-15,"Chemical_53 Chemical_73 Chemical_83
",Мойкина_ИВ,asdfQWEkg3
Каледенков Вячеслав Денисович,Миртазапин,1901-05-08,"Chemical_25 Chemical_60 Chemical_37
",Каледенков_ВД,asdfQWEh8n
Нечахин Альберт Николаевич,Азитромицин,1254-03-20,"Chemical_16 Chemical_15 Chemical_70
",Нечахин_АН,asdfQWEHv9
Томасов Владислав Максимович,Женьшень,1162-07-26,"Chemical_69 Chemical_54 Chemical_57
",Томасов_ВМ,asdfQWEmK7
Плетцова Виолетта Богдановна,Дикарбазин,0999-04-28,"Chemical_52 Chemical_83 Chemical_21
",Плетцова_ВБ,asdfQWEHj1
Гаврилкин Вадим Василиевич,Уоллтапс,1135-11-22,"Chemical_91 Chemical_96 Chemical_8
",Гаврилкин_ВВ,asdfQWEF2L
Милетина Александра Аркадьевна,Амитриптилин,1422-01-28,"Chemical_61 Chemical_42 Chemical_31
",Милетина_АА,asdfQWEm0h
Добранчева Зинаида Михайловна,Оксикодон,1518-01-22,"Chemical_61 Chemical_77 Chemical_95
",Добранчева_ЗМ,asdfQWEj3G
Зиганова Зинаида Кирилловна,Ранитидин,1018-11-14,"Chemical_79 Chemical_78 Chemical_77
",Зиганова_ЗК,asdfQWEgc3
Упорников Михаил Евгеньевич,Ибупрофен,1592-06-21,"Chemical_77 Chemical_96 Chemical_19
",Упорников_МЕ,asdfQWEjh2
Веснянкина Марина Эдуардовна,Вальтрекс,0928-09-27,"Chemical_38 Chemical_79 Chemical_54
",Веснянкина_МЭ,asdfQWEGv2
Снитникова Маргарита Богдановна,Итрафунгол,1844-10-11,"Chemical_13 Chemical_50 Chemical_12
",Снитникова_МБ,asdfQWEHK2
Закакуев Максим Фёдорович,Нимулид,1236-09-19,"Chemical_64 Chemical_51 Chemical_51
",Закакуев_МФ,asdfQWEG86
Помадкова Тамара Егоровна,Оланзапин,1213-01-09,"Chemical_33 Chemical_8 Chemical_80
",Помадкова_ТЕ,asdfQWEm3F
Чубанова Алёна Романовна,Мелоксикам,1072-11-13,"Chemical_76 Chemical_38 Chemical_23
",Чубанова_АР,asdfQWEh8F
Реутский Федор Юриевич,Бромгексин,1584-03-18,"Chemical_79 Chemical_7 Chemical_92
",Реутский_ФЮ,asdfQWEg8b
Пурювкин Руслан Георгиевич,Пентоксифиллин,1688-01-23,"Chemical_3 Chemical_19 Chemical_37
",Пурювкин_РГ,asdfQWEjK7
Помазенцев Яков Тимофеевич,Сетирозин,1941-02-23,"Chemical_81 Chemical_34 Chemical_65
",Помазенцев_ЯТ,asdfQWEH6K
Девушкина Жанна Андреевна,Золедроновая кислота,1379-11-10,"Chemical_23 Chemical_51 Chemical_9
",Девушкина_ЖА,asdfQWEm32
Яшункина Дарья Сергеевна,Женьшень,1669-10-15,"Chemical_30 Chemical_22 Chemical_91
",Яшункина_ДС,asdfQWEm5G
Шалапугина Юлия Дмитриевна,Дуодарт,1109-04-27,"Chemical_3 Chemical_17 Chemical_20
",Шалапугина_ЮД,asdfQWEJh7
Пепинова Ева Ивановна,Ацетилсалициловая кислота,0963-02-26,"Chemical_5 Chemical_62 Chemical_58
",Пепинова_ЕИ,asdfQWEG8m
Юделева Валентина Игоревна,Бромгексин,1328-10-18,"Chemical_52 Chemical_65 Chemical_73
",Юделева_ВИ,asdfQWEF9h
Монастыров Иван Юриевич,Ибупрофен,1241-12-25,"Chemical_30 Chemical_52 Chemical_21
",Монастыров_ИЮ,asdfQWEmv8
Досадина Зинаида Игоревна,Росувастатин,2005-09-16,"Chemical_4 Chemical_30 Chemical_45
",Досадина_ЗИ,asdfQWEmj7
Заяшникова Оксана Борисовна,Диклофенак,1869-08-12,"Chemical_96 Chemical_73 Chemical_84
",Заяшникова_ОБ,asdfQWEm4v
Непогодина Людмила Петровна,Витамин С,0900-02-24,"Chemical_80 Chemical_34 Chemical_87
",Непогодина_ЛП,asdfQWEh0H
Бежджонов Антон Евгеньевич,Амитриптилин,1528-09-28,"Chemical_37 Chemical_70 Chemical_13
",Бежджонов_АЕ,asdfQWEhc9
Могеев Станислав Алексиевич,Агонал,1106-11-23,"Chemical_34 Chemical_87 Chemical_23
",Могеев_СА,asdfQWEj1g
Нарымова Дарья Валерьевна,Жасмин,1343-05-05,"Chemical_68 Chemical_55 Chemical_6
",Нарымова_ДВ,asdfQWEH8c
Справников Игорь Адамович,Дуодарт,1091-06-24,"Chemical_11 Chemical_85 Chemical_63
",Справников_ИА,asdfQWEG3H
Кормщиков Евгений Юриевич,Левофлоксацин,1911-06-28,"Chemical_57 Chemical_29 Chemical_63
",Кормщиков_ЕЮ,asdfQWEGk5
Букатов Дмитрий Алексиевич,Бисакодил,1643-09-23,"Chemical_53 Chemical_30 Chemical_58
",Букатов_ДА,asdfQWEm6v
Абримов Павел Олегович,Амоксициллин,0938-12-20,"Chemical_88 Chemical_13 Chemical_39
",Абримов_ПО,asdfQWEm2n
Падолкина Надежда Ивановна,Ингавирин,1792-05-08,"Chemical_80 Chemical_13 Chemical_85
",Падолкина_НИ,asdfQWEj9v
Кавардин Вячеслав Тимофеевич,Аллопуринол,1388-04-06,"Chemical_7 Chemical_55 Chemical_33
",Кавардин_ВТ,asdfQWEG1b
Кожаурова Жанна Ивановна,Левофлоксацин,1311-10-06,"Chemical_10 Chemical_5 Chemical_41
",Кожаурова_ЖИ,asdfQWEm8c
Балакин Пётр Антонович,Спазмалгон,1326-09-12,"Chemical_42 Chemical_30 Chemical_68
",Балакин_ПА,asdfQWEk34
Киржаков Геннадий Максимович,Золедроновая кислота,1478-03-20,"Chemical_51 Chemical_8 Chemical_26
",Киржаков_ГМ,asdfQWEg3H
Давличаров Павел Игоревич,Бензоилпероксид,1184-02-17,"Chemical_32 Chemical_73 Chemical_98
",Давличаров_ПИ,asdfQWEg7G
Камашкин Артём Вадимович,Итрафунгол,1114-02-27,"Chemical_98 Chemical_32 Chemical_16
",Камашкин_АВ,asdfQWEF2j
Постатская Полина Алексеевна,Бензоилпероксид,0972-06-28,"Chemical_12 Chemical_76 Chemical_81
",Постатская_ПА,asdfQWEgH3
Максимцев Станислав Николаевич,Зинорам,1045-01-13,"Chemical_78 Chemical_13 Chemical_54
",Максимцев_СН,asdfQWEGm2
Петюшина Светлана Эдуардовна,Агонал,1506-10-21,"Chemical_38 Chemical_53 Chemical_58
",Петюшина_СЭ,asdfQWEF04
Петрина Наталья Аркадьевна,Лозартан,1648-04-28,"Chemical_3 Chemical_70 Chemical_35
",Петрина_НА,asdfQWEh93
Крутцов Станислав Юриевич,Росувастатин,1256-01-26,"Chemical_8 Chemical_39 Chemical_82
",Крутцов_СЮ,asdfQWEmH3
Ананчева Вероника Ивановна,Гидрохлоротиазид,1060-03-03,"Chemical_98 Chemical_57 Chemical_56
",Ананчева_ВИ,asdfQWEhK4
Цыцарцев Валерий Василиевич,Нитросорбид,1063-08-08,"Chemical_21 Chemical_60 Chemical_8
",Цыцарцев_ВВ,asdfQWEkb3
Зазнобкина Ирина Богдановна,Золаир,1917-10-07,"Chemical_58 Chemical_65 Chemical_98
",Зазнобкина_ИБ,asdfQWEj85
Обризова Алена Олеговна,Антациды,1712-06-24,"Chemical_58 Chemical_35 Chemical_10
",Обризова_АО,asdfQWEH7n
Салянкин Владислав Фёдорович,Небиволол,1420-07-13,"Chemical_51 Chemical_84 Chemical_32
",Салянкин_ВФ,asdfQWEj51
Чернедова Алиса Аркадьевна,Оланзапин,1869-08-16,"Chemical_21 Chemical_17 Chemical_57
",Чернедова_АА,asdfQWEJh3
Токарев Руслан Алексеевич,Виагра,1591-05-12,"Chemical_90 Chemical_13 Chemical_52
",Токарев_РА,asdfQWEH86
Миридинов Денис Денисович,Зылорик,1166-03-13,"Chemical_17 Chemical_42 Chemical_97
",Миридинов_ДД,asdfQWEG8h
Копелькина Елизавета Алексеевна,Агонал,1181-05-22,"Chemical_4 Chemical_58 Chemical_52
",Копелькина_ЕА,asdfQWEF0c
Будяков Михаил Петрович,Женьшень,1989-11-10,"Chemical_24 Chemical_17 Chemical_83
",Будяков_МП,asdfQWEk27
Мавлекиева Дарья Валерьевна,Зинорам,1766-05-02,"Chemical_15 Chemical_8 Chemical_59
",Мавлекиева_ДВ,asdfQWEj6n
Бальнова Светлана Богдановна,Венолайфт,1392-08-15,"Chemical_27 Chemical_76 Chemical_28
",Бальнова_СБ,asdfQWEg1J
Муруев Никита Николаевич,Спазмалгон,1497-04-10,"Chemical_81 Chemical_85 Chemical_82
",Муруев_НН,asdfQWEF5L
Танкуйлин Аркадий Кириллович,Железа препараты,0939-06-15,"Chemical_58 Chemical_95 Chemical_70
",Танкуйлин_АК,asdfQWEFJ2
Леплинский Владислав Юриевич,Кетопрофен,1907-02-06,"Chemical_63 Chemical_97 Chemical_69
",Леплинский_ВЮ,asdfQWEg3h
Жегланова Алёна Ивановна,Колчицин,1726-04-28,"Chemical_51 Chemical_50 Chemical_64
",Жегланова_АИ,asdfQWEj69
Шелдукова Алина Викторовна,Метформин,1908-06-19,"Chemical_28 Chemical_22 Chemical_60
",Шелдукова_АВ,asdfQWEF3L
Рапиева Зинаида Никитична,Бетаин,1376-12-13,"Chemical_48 Chemical_5 Chemical_53
",Рапиева_ЗН,asdfQWEg4G
Гермогенов Иван Тимофеевич,Амоксиклав,1936-10-10,"Chemical_97 Chemical_22 Chemical_38
",Гермогенов_ИТ,asdfQWEHn9
Холсин Константин Сергеевич,Кетопрофен,1148-04-05,"Chemical_32 Chemical_86 Chemical_37
",Холсин_КС,asdfQWEF4K
Вакунов Александр Викторович,Метопролол,0914-04-03,"Chemical_58 Chemical_2 Chemical_87
",Вакунов_АВ,asdfQWEmF3
Подласова Вера Андреевна,Рибавирин,1034-12-01,"Chemical_80 Chemical_33 Chemical_46
",Подласова_ВА,asdfQWEG67
Городцов Игорь Валериевич,Симвастатин,1468-06-03,"Chemical_45 Chemical_49 Chemical_18
",Городцов_ИВ,asdfQWEm80
Алексакова Карина Дмитриевна,Амоксиклав,1996-06-15,"Chemical_18 Chemical_4 Chemical_48
",Алексакова_КД,asdfQWEh7k
Эссина Полина Ивановна,Мелатонин,1429-08-25,"Chemical_20 Chemical_44 Chemical_84
",Эссина_ПИ,asdfQWEGm7
Юртайкина Зинаида Ивановна,Уоллтапс,1107-09-26,"Chemical_14 Chemical_47 Chemical_64
",Юртайкина_ЗИ,asdfQWEH8b
Варваркина Софья Максимовна,Метопролол,1946-05-17,"Chemical_64 Chemical_45 Chemical_83
",Варваркина_СМ,asdfQWEk5L
Зябкина Валерия Михайловна,Бетаин,1801-03-24,"Chemical_21 Chemical_90 Chemical_87
",Зябкина_ВМ,asdfQWEgj7
Шерекина Екатерина Николаевна,Симвастатин,1005-05-02,"Chemical_44 Chemical_1 Chemical_79
",Шерекина_ЕН,asdfQWEHn0
Халипский Евгений Алексеевич,Пилипен,1068-05-23,"Chemical_62 Chemical_13 Chemical_92
",Халипский_ЕА,asdfQWEj8k
Голбина Галина Егоровна,Лоразепам,1321-06-08,"Chemical_43 Chemical_89 Chemical_2
",Голбина_ГЕ,asdfQWEG2F
Кузубов Роман Кириллович,Триптаны,1167-06-06,"Chemical_36 Chemical_64 Chemical_98
",Кузубов_РК,asdfQWEFL7
Эзенкина Ксения Ивановна,Ретардин,1599-01-21,"Chemical_90 Chemical_92 Chemical_67
",Эзенкина_КИ,asdfQWEFH8
Киричуков Никита Игоревич,Бетаин,1498-08-25,"Chemical_97 Chemical_15 Chemical_53
",Киричуков_НИ,asdfQWEhg5
Агафеева Тамара Олеговна,Клопидогрел,0932-08-16,"Chemical_17 Chemical_72 Chemical_22
",Агафеева_ТО,asdfQWEh71
Ханевичев Геннадий Викторович,Ингавирин,1445-06-15,"Chemical_100 Chemical_88 Chemical_31
",Ханевичев_ГВ,asdfQWEHh2
Мицина Светлана Кирилловна,Норматен,1032-04-04,"Chemical_44 Chemical_16 Chemical_60
",Мицина_СК,asdfQWEH52
Атарщиков Артём Викторович,Валидол,0935-09-01,"Chemical_48 Chemical_25 Chemical_54
",Атарщиков_АВ,asdfQWEj60
Эйдикова Ирина Егоровна,Ранитидин,1304-10-20,"Chemical_22 Chemical_48 Chemical_13
",Эйдикова_ИЕ,asdfQWEg7H
Каплина Валентина Романовна,Алпразолам,1380-12-06,"Chemical_73 Chemical_48 Chemical_15
",Каплина_ВР,asdfQWEG42
Осицимский Алексей Юриевич,Норматен,1026-12-09,"Chemical_81 Chemical_80 Chemical_35
",Осицимский_АЮ,asdfQWEh8b
Плантова Катерина Николаевна,Урсофальк,1849-12-27,"Chemical_19 Chemical_60 Chemical_28
",Плантова_КН,asdfQWEmn3
Селемнева Мария Вадимовна,Омепразол,1776-10-08,"Chemical_67 Chemical_94 Chemical_77
",Селемнева_МВ,asdfQWEhk2
Сымчева Зинаида Богдановна,Бисакодил,1765-06-26,"Chemical_53 Chemical_58 Chemical_28
",Сымчева_ЗБ,asdfQWEG9c
Стретова Раиса Яковлевна,Дикарбазин,1694-05-06,"Chemical_82 Chemical_95 Chemical_53
",Стретова_РЯ,asdfQWEmL8
Царитова Галина Олеговна,Омега-3 кислоты,1962-05-03,"Chemical_97 Chemical_61 Chemical_81
",Царитова_ГО,asdfQWEm3J
Дрыкина Кристина Василевна,Метопролол,1152-05-06,"Chemical_79 Chemical_60 Chemical_18
",Дрыкина_КВ,asdfQWEHh8
Спорягина Анна Кирилловна,Антациды,2009-03-04,"Chemical_16 Chemical_19 Chemical_14
",Спорягина_АК,asdfQWEkm8
Цепикин Константин Евгеньевич,Виалар,1502-09-18,"Chemical_1 Chemical_36 Chemical_54
",Цепикин_КЕ,asdfQWEmn6
Кордашин Пётр Данилович,Ингавирин,1598-01-05,"Chemical_31 Chemical_65 Chemical_25
",Кордашин_ПД,asdfQWEh0k
Байдильдин Станислав Вадимович,Гропирон,1224-02-12,"Chemical_17 Chemical_6 Chemical_88
",Байдильдин_СВ,asdfQWEmv1
Ябковская Елена Яковлевна,Антациды,1504-12-24,"Chemical_52 Chemical_27 Chemical_29
",Ябковская_ЕЯ,asdfQWEgv5
Ионкин Владимир Иванович,Ретардин,1164-04-22,"Chemical_71 Chemical_3 Chemical_11
",Ионкин_ВИ,asdfQWEHJ6
Пониматкин Артём Яковлевич,Бромгексин,0963-10-18,"Chemical_11 Chemical_1 Chemical_69
",Пониматкин_АЯ,asdfQWEk95
Охочинская Жанна Валерьевна,Триптаны,1643-10-17,"Chemical_91 Chemical_3 Chemical_32
",Охочинская_ЖВ,asdfQWEgk7
Размыкова Алина Кирилловна,Тианептин,1045-06-04,"Chemical_86 Chemical_37 Chemical_69
",Размыкова_АК,asdfQWEG25
Аврамов Руслан Алексиевич,Кандесартан,1308-02-21,"Chemical_61 Chemical_97 Chemical_31
",Аврамов_РА,asdfQWEk0m
Семовских Лиза Викторовна,Пропанолол,1256-04-10,"Chemical_75 Chemical_31 Chemical_8
",Семовских_ЛВ,asdfQWEhL5
Абалмазов Валентин Петрович,Пропанолол,2020-05-02,"Chemical_4 Chemical_90 Chemical_93
",Абалмазов_ВП,asdfQWEg8v
Аскаров Илья Кириллович,Ниссан,1851-02-04,"Chemical_100 Chemical_39 Chemical_76
",Аскаров_ИК,asdfQWEm2g
Свирстина Жанна Богдановна,Допамин,1523-04-21,"Chemical_89 Chemical_40 Chemical_27
",Свирстина_ЖБ,asdfQWEm3k
Копытенков Олег Денисович,Золекс,1373-11-03,"Chemical_25 Chemical_35 Chemical_39
",Копытенков_ОД,asdfQWEjG8
Аполонин Максим Михаилович,Лоразепам,1519-07-06,"Chemical_83 Chemical_62 Chemical_76
",Аполонин_ММ,asdfQWEm8J
Добрышкин Аркадий Валериевич,Золаир,1300-11-25,"Chemical_32 Chemical_43 Chemical_27
",Добрышкин_АВ,asdfQWEh08
Хромачев Валентин Василиевич,Диклофенак,1682-02-07,"Chemical_58 Chemical_12 Chemical_64
",Хромачев_ВВ,asdfQWEH08
Панчекин Виталий Аркадиевич,Тикалиптин,1896-12-08,"Chemical_33 Chemical_22 Chemical_94
",Панчекин_ВА,asdfQWEGh1
Саслина Тамара Максимовна,Венолайфт,1666-10-08,"Chemical_99 Chemical_22 Chemical_31
",Саслина_ТМ,asdfQWEJk4
Буглина Инна Михайловна,Ацетилсалициловая кислота,1278-10-17,"Chemical_66 Chemical_100 Chemical_62
",Буглина_ИМ,asdfQWEmH0
Якутенкова Жанна Валерьевна,Сертралин,1988-08-19,"Chemical_64 Chemical_69 Chemical_10
",Якутенкова_ЖВ,asdfQWEFb7
Сафошин Георгий Василиевич,Колчицин,1367-03-17,"Chemical_9 Chemical_17 Chemical_28
",Сафошин_ГВ,asdfQWEh7c
Каяцкая Ольга Борисовна,Индометацин,1440-10-12,"Chemical_21 Chemical_60 Chemical_21
",Каяцкая_ОБ,asdfQWEG6F
Карапозов Константин Василиевич,Левотироксин,1918-06-07,"Chemical_55 Chemical_29 Chemical_4
",Карапозов_КВ,asdfQWEm05
Рустямова Алина Василевна,Итрафунгол,1575-05-07,"Chemical_80 Chemical_30 Chemical_57
",Рустямова_АВ,asdfQWEGc6
Жерденков Илья Денисович,Колчицин,1401-09-15,"Chemical_95 Chemical_49 Chemical_85
",Жерденков_ИД,asdfQWEk8L
Донышева Людмила Кирилловна,Золаир,1972-06-26,"Chemical_19 Chemical_69 Chemical_82
",Донышева_ЛК,asdfQWEh0m
Цыбышев Николай Антонович,Бромгексин,1724-08-07,"Chemical_36 Chemical_40 Chemical_36
",Цыбышев_НА,asdfQWEk5J
Севастокин Виктор Романович,Мидокалм,1279-04-15,"Chemical_2 Chemical_64 Chemical_2
",Севастокин_ВР,asdfQWEj7c
Баранихина Алла Евгеньевна,Иммунивит,1629-02-22,"Chemical_81 Chemical_100 Chemical_80
",Баранихина_АЕ,asdfQWEjb8
Тараборина Марина Андреевна,Тианептин,1664-10-19,"Chemical_63 Chemical_54 Chemical_70
",Тараборина_МА,asdfQWEJk1
Шкутин Юрий Алексиевич,Рибавирин,1088-02-23,"Chemical_49 Chemical_67 Chemical_24
",Шкутин_ЮА,asdfQWEkc0
Пушменкова Наталья Богдановна,Сетирозин,1622-10-23,"Chemical_68 Chemical_71 Chemical_90
",Пушменкова_НБ,asdfQWEg12
Малшенков Дмитрий Кириллович,Женьшень,1378-06-10,"Chemical_17 Chemical_6 Chemical_59
",Малшенков_ДК,asdfQWEG0j
Валкин Денис Олегович,Парацетамол,1129-04-09,"Chemical_93 Chemical_33 Chemical_39
",Валкин_ДО,asdfQWEkg5
Граннина Алиса Андреевна,Ранитидин,1329-04-25,"Chemical_21 Chemical_89 Chemical_59
",Граннина_АА,asdfQWEmh4
Перемитина Алиса Борисовна,Амлодипин,1475-10-20,"Chemical_30 Chemical_16 Chemical_65
",Перемитина_АБ,asdfQWEg15
Масленцова Алина Вадимовна,Левофлоксацин,1367-11-21,"Chemical_15 Chemical_43 Chemical_83
",Масленцова_АВ,asdfQWEh6m
Шалчков Денис Викторович,Рамиприл,1706-06-08,"Chemical_58 Chemical_70 Chemical_1
",Шалчков_ДВ,asdfQWEGg6
Проселкова Зинаида Максимовна,Рибавирин,1032-10-19,"Chemical_46 Chemical_99 Chemical_73
",Проселкова_ЗМ,asdfQWEG6K
Большанин Павел Андреевич,Кетопрофен,1526-06-17,"Chemical_60 Chemical_53 Chemical_35
",Большанин_ПА,asdfQWEFc1
Капцева Юлия Федоровна,Виалар,1902-07-26,"Chemical_17 Chemical_89 Chemical_14
",Капцева_ЮФ,asdfQWEH9L
Тюшагин Аркадий Борисович,Уоллтапс,1530-08-11,"Chemical_79 Chemical_55 Chemical_23
",Тюшагин_АБ,asdfQWEm04
Сусленков Игорь Денисович,Мезим,1214-05-15,"Chemical_95 Chemical_79 Chemical_44
",Сусленков_ИД,asdfQWEj31
Печуркина Жанна Борисовна,Виагра,1950-09-19,"Chemical_40 Chemical_38 Chemical_48
",Печуркина_ЖБ,asdfQWEGg8
Крахоткина Софья Олеговна,Амлодипин,1381-04-02,"Chemical_14 Chemical_7 Chemical_65
",Крахоткина_СО,asdfQWEFn8
Огулова Виктория Борисовна,Глюкозамин,1779-08-09,"Chemical_79 Chemical_14 Chemical_40
",Огулова_ВБ,asdfQWEgJ8
Евиланова Раиса Федоровна,Габапентин,1823-07-15,"Chemical_80 Chemical_75 Chemical_21
",Евиланова_РФ,asdfQWEg91
Крудакова Оксана Яковлевна,Ксарелто,1609-08-10,"Chemical_88 Chemical_28 Chemical_59
",Крудакова_ОЯ,asdfQWEHj7
Осконов Роман Андреевич,Амоксиклав,1957-06-01,"Chemical_6 Chemical_45 Chemical_30
",Осконов_РА,asdfQWEH5F
Находнов Пётр Михаилович,Евалар солгар мультивитамини,1315-02-12,"Chemical_1 Chemical_62 Chemical_1
",Находнов_ПМ,asdfQWEm8b
Дрычкова Кира Эдуардовна,Гропирон,1463-09-20,"Chemical_100 Chemical_6 Chemical_72
",Дрычкова_КЭ,asdfQWEH54
Полатов Павел Алексеевич,Рамиприл,1792-07-25,"Chemical_51 Chemical_6 Chemical_61
",Полатов_ПА,asdfQWEH4j
Бострикова Софья Романовна,Оланзапин,1080-12-09,"Chemical_94 Chemical_40 Chemical_35
",Бострикова_СР,asdfQWEmK5
Джоев Вадим Юриевич,Норматен,1896-08-19,"Chemical_58 Chemical_85 Chemical_95
",Джоев_ВЮ,asdfQWEgk0
Актанаев Игорь Валериевич,Бисопролол,0992-01-04,"Chemical_2 Chemical_11 Chemical_72
",Актанаев_ИВ,asdfQWEHk6
Чужакова Мария Дмитриевна,Метформин,1878-03-01,"Chemical_20 Chemical_6 Chemical_8
",Чужакова_МД,asdfQWEF6g
Гиричева Полина Борисовна,Метопролол,1599-09-03,"Chemical_9 Chemical_62 Chemical_84
",Гиричева_ПБ,asdfQWEgh6
Гродобоев Константин Михаилович,Оксикодон,2021-07-28,"Chemical_64 Chemical_33 Chemical_76
",Гродобоев_КМ,asdfQWEm1F
Сапетина Марина Дмитриевна,Спазмалгон,1814-12-23,"Chemical_39 Chemical_84 Chemical_74
",Сапетина_МД,asdfQWEg0G
Писеева Катерина Богдановна,Амоксиклав,1090-11-18,"Chemical_18 Chemical_16 Chemical_47
",Писеева_КБ,asdfQWEFj2
Загладин Илья Тимофеевич,Уоллтапс,1441-04-08,"Chemical_8 Chemical_75 Chemical_97
",Загладин_ИТ,asdfQWEj1h
Гридаева Елена Олеговна,Кандесартан,1568-03-06,"Chemical_39 Chemical_9 Chemical_45
",Гридаева_ЕО,asdfQWEg8j
Чармосова Наталия Алексеевна,Сетирозин,1847-05-17,"Chemical_88 Chemical_84 Chemical_5
",Чармосова_НА,asdfQWEg4v
Бешкуров Вячеслав Данилович,Амлодипин,1456-11-04,"Chemical_60 Chemical_59 Chemical_39
",Бешкуров_ВД,asdfQWEF2m
Голубкова Ирина Игоревна,Аллопуринол,0983-02-03,"Chemical_17 Chemical_4 Chemical_91
",Голубкова_ИИ,asdfQWEH59
Атрохин Павел Юрьевич,Диклофенак,1584-04-11,"Chemical_94 Chemical_41 Chemical_3
",Атрохин_ПЮ,asdfQWEG3j
Бригина Надежда Федоровна,Ретардин,0908-05-02,"Chemical_92 Chemical_37 Chemical_19
",Бригина_НФ,asdfQWEj0v
Сернецкая Людмила Валерьевна,Бромгексин,1691-01-16,"Chemical_40 Chemical_90 Chemical_12
",Сернецкая_ЛВ,asdfQWEjh5
Лутфиева Алина Викторовна,Преднизолон,1239-11-01,"Chemical_32 Chemical_68 Chemical_74
",Лутфиева_АВ,asdfQWEk31
Листиков Валентин Михаилович,Виалар,1748-12-27,"Chemical_86 Chemical_61 Chemical_8
",Листиков_ВМ,asdfQWEk3g
Чилых Виктория Вадимовна,Бисакодил,1585-08-09,"Chemical_67 Chemical_26 Chemical_43
",Чилых_ВВ,asdfQWEk0G
Химунин Валерий Данилович,Ингавирин,1603-02-02,"Chemical_26 Chemical_26 Chemical_65
",Химунин_ВД,asdfQWEF59
Баршикова Оксана Валерьевна,Сетирозин,1412-05-23,"Chemical_85 Chemical_2 Chemical_77
",Баршикова_ОВ,asdfQWEk0g
Ушмодина Людмила Михайловна,Мидокалм,1376-02-03,"Chemical_60 Chemical_57 Chemical_23
",Ушмодина_ЛМ,asdfQWEF73
Сайдышева Софья Никитична,Глюкозамин,1890-06-02,"Chemical_45 Chemical_8 Chemical_49
",Сайдышева_СН,asdfQWEFn2
Тащенков Дмитрий Денисович,Триптаны,1059-08-28,"Chemical_84 Chemical_14 Chemical_9
",Тащенков_ДД,asdfQWEH28
Сафалова Зинаида Николаевна,Миртазапин,1662-05-17,"Chemical_73 Chemical_98 Chemical_51
",Сафалова_ЗН,asdfQWEkK3
Хажкасимов Борис Алексиевич,Живина,1032-08-14,"Chemical_54 Chemical_85 Chemical_12
",Хажкасимов_БА,asdfQWEG5g
Куконова Алена Михайловна,Небиволол,1481-10-26,"Chemical_74 Chemical_21 Chemical_38
",Куконова_АМ,asdfQWEjg3
Борменкова Дарья Василевна,Левотироксин,1643-01-13,"Chemical_74 Chemical_17 Chemical_76
",Борменкова_ДВ,asdfQWEFb6
Веденякин Аркадий Иванович,Спазмалгон,1938-09-24,"Chemical_93 Chemical_95 Chemical_18
",Веденякин_АИ,asdfQWEhc3
Абубекаров Олег Юриевич,Сертралин,1811-03-08,"Chemical_63 Chemical_17 Chemical_13
",Абубекаров_ОЮ,asdfQWEgb0
Лементуев Никита Фёдорович,Пилипен,2012-08-01,"Chemical_22 Chemical_31 Chemical_48
",Лементуев_НФ,asdfQWEH56
Кашелев Борис Данилович,Метформин,1023-04-07,"Chemical_97 Chemical_58 Chemical_29
",Кашелев_БД,asdfQWEFb0
Жилнина Алла Федоровна,Мелатонин,1851-12-10,"Chemical_2 Chemical_75 Chemical_77
",Жилнина_АФ,asdfQWEm5g
Тряпкин Михаил Денисович,Евалар солгар мультивитамини,1550-02-12,"Chemical_65 Chemical_11 Chemical_15
",Тряпкин_МД,asdfQWEhF6
Челочева София Олеговна,Нитросорбид,1780-12-07,"Chemical_11 Chemical_48 Chemical_12
",Челочева_СО,asdfQWEk5v
Бульдыгина Кира Михайловна,Рибавирин,1057-06-18,"Chemical_57 Chemical_21 Chemical_81
",Бульдыгина_КМ,asdfQWEjF6
Крумина Елизавета Михайловна,Итрафунгол,1612-01-02,"Chemical_10 Chemical_73 Chemical_83
",Крумина_ЕМ,asdfQWEh18
Астрактова Жанна Эдуардовна,Дектанол,1588-06-12,"Chemical_89 Chemical_84 Chemical_42
",Астрактова_ЖЭ,asdfQWEgG5
Дугарский Александр Алексеевич,Спазмалгон,1026-06-26,"Chemical_62 Chemical_71 Chemical_5
",Дугарский_АА,asdfQWEF5n
Яловкина Елизавета Игоревна,Тикалиптин,1278-05-05,"Chemical_23 Chemical_34 Chemical_81
",Яловкина_ЕИ,asdfQWEj9k
Рукавичкин Григорий Петрович,Бромгексин,1247-10-09,"Chemical_15 Chemical_40 Chemical_5
",Рукавичкин_ГП,asdfQWEgn7
Рубейкин Вячеслав Петрович,Метформин,0949-11-22,"Chemical_15 Chemical_58 Chemical_1
",Рубейкин_ВП,asdfQWEhv5
Черкина Катерина Егоровна,Левофлоксацин,1299-10-11,"Chemical_18 Chemical_51 Chemical_58
",Черкина_КЕ,asdfQWEH1j
Приданов Вадим Игоревич,Амоксициллин,1511-05-20,"Chemical_43 Chemical_88 Chemical_96
",Приданов_ВИ,asdfQWEjv9
Шехоболова Светлана Никитична,Железа препараты,1245-05-18,"Chemical_45 Chemical_29 Chemical_5
",Шехоболова_СН,asdfQWEk6K
Навотнева Лиза Богдановна,Кладрибин,1645-05-17,"Chemical_82 Chemical_43 Chemical_98
",Навотнева_ЛБ,asdfQWEh1H
Балькина Анна Игоревна,Золекс,1744-10-09,"Chemical_33 Chemical_16 Chemical_77
",Балькина_АИ,asdfQWEH65
Пудонин Виталий Данилович,Енап,0958-06-13,"Chemical_4 Chemical_4 Chemical_92
",Пудонин_ВД,asdfQWEh42
Самрова Елизавета Евгеньевна,Сертралин,0992-02-25,"Chemical_78 Chemical_50 Chemical_12
",Самрова_ЕЕ,asdfQWEkH6
Близнюкова Ирина Эдуардовна,Метформин,1034-08-26,"Chemical_51 Chemical_60 Chemical_94
",Близнюкова_ИЭ,asdfQWEH4k
Мышлин Альберт Иванович,Амоксиклав,1497-03-02,"Chemical_100 Chemical_2 Chemical_83
",Мышлин_АИ,asdfQWEj63
Столинская Дарья Викторовна,Алпразолам,1743-11-06,"Chemical_75 Chemical_70 Chemical_49
",Столинская_ДВ,asdfQWEg3F
Горбецкий Альберт Павлович,Ёжик,0968-10-24,"Chemical_79 Chemical_33 Chemical_90
",Горбецкий_АП,asdfQWEg6v
Личутина Екатерина Богдановна,Женьшень,1042-06-18,"Chemical_39 Chemical_62 Chemical_89
",Личутина_ЕБ,asdfQWEH19
Двизов Ярослав Данилович,Амоксиклав,1339-01-01,"Chemical_13 Chemical_46 Chemical_26
",Двизов_ЯД,asdfQWEj5g
Шишулина Анастасия Дмитриевна,Мелоксикам,2001-07-13,"Chemical_41 Chemical_68 Chemical_71
",Шишулина_АД,asdfQWEGg4
Андрюшина Дарья Кирилловна,Кладрибин,1293-10-04,"Chemical_92 Chemical_54 Chemical_82
",Андрюшина_ДК,asdfQWEh3K
Оршин Антон Аркадиевич,Амитриптилин,1529-08-08,"Chemical_91 Chemical_3 Chemical_39
",Оршин_АА,asdfQWEHL4
Шляпников Иван Максимович,Оксикодон,1128-07-09,"Chemical_61 Chemical_27 Chemical_97
",Шляпников_ИМ,asdfQWEGk7
Самарков Вадим Андреевич,Железа препараты,0956-08-14,"Chemical_42 Chemical_30 Chemical_66
",Самарков_ВА,asdfQWEFk5
Колужина Виктория Богдановна,Виагра,1683-10-21,"Chemical_7 Chemical_14 Chemical_66
",Колужина_ВБ,asdfQWEh9j
Баласанов Георгий Данилович,Бетаметазон,1843-03-13,"Chemical_45 Chemical_89 Chemical_70
",Баласанов_ГД,asdfQWEmK8
Самолюбов Герасим Вадимович,Бактрим,1297-09-04,"Chemical_44 Chemical_21 Chemical_5
",Самолюбов_ГВ,asdfQWEF0v
Любиров Тарас Яковлевич,Бетаин,1848-08-18,"Chemical_81 Chemical_15 Chemical_67
",Любиров_ТЯ,asdfQWEhb2
Кочеляева Александра Игоревна,Лоразепам,0989-06-20,"Chemical_89 Chemical_40 Chemical_79
",Кочеляева_АИ,asdfQWEHh9
Плантюрина Алёна Аркадьевна,Индометацин,1915-06-14,"Chemical_64 Chemical_99 Chemical_46
",Плантюрина_АА,asdfQWEF97
Мамаикина Лиза Леонидовна,Ретардин,1463-01-27,"Chemical_31 Chemical_58 Chemical_82
",Мамаикина_ЛЛ,asdfQWEmJ7
Собина Галина Ивановна,Дектанол,1299-01-25,"Chemical_87 Chemical_6 Chemical_84
",Собина_ГИ,asdfQWEH98
Антогина Лариса Евгеньевна,Железа препараты,1991-01-07,"Chemical_86 Chemical_24 Chemical_78
",Антогина_ЛЕ,asdfQWEFg3
Бандалетов Илья Викторович,Дикарбазин,1977-02-07,"Chemical_86 Chemical_12 Chemical_48
",Бандалетов_ИВ,asdfQWEFj5
Жарченков Николай Евгеньевич,Зинорам,1191-04-27,"Chemical_49 Chemical_10 Chemical_23
",Жарченков_НЕ,asdfQWEj2L
Семушин Эдуард Кириллович,Валацикловир,1178-02-21,"Chemical_51 Chemical_23 Chemical_78
",Семушин_ЭК,asdfQWEg6c
Курузаева Анна Алексеевна,Глюкозамин,1860-08-28,"Chemical_43 Chemical_89 Chemical_72
",Курузаева_АА,asdfQWEH58
Худеньких Вадим Максимович,Амоксициллин,1986-02-21,"Chemical_15 Chemical_41 Chemical_84
",Худеньких_ВМ,asdfQWEh1K
Щучина Галина Эдуардовна,Дексаметазон,1181-07-23,"Chemical_37 Chemical_89 Chemical_64
",Щучина_ГЭ,asdfQWEGF7
Чарышкин Игорь Денисович,Рамиприл,1092-10-21,"Chemical_41 Chemical_65 Chemical_60
",Чарышкин_ИД,asdfQWEh1k
Желнеронов Георгий Тимофеевич,Аллопуринол,1955-12-21,"Chemical_96 Chemical_44 Chemical_73
",Желнеронов_ГТ,asdfQWEGk2
Тенлев Федор Игоревич,Омега-3 кислоты,1389-01-20,"Chemical_60 Chemical_79 Chemical_80
",Тенлев_ФИ,asdfQWEF6c
Дохин Борис Антонович,Левотироксин,1765-05-21,"Chemical_86 Chemical_69 Chemical_98
",Дохин_БА,asdfQWEG16
Аляудинова Яна Аркадьевна,Дуодарт,0926-11-12,"Chemical_81 Chemical_28 Chemical_46
",Аляудинова_ЯА,asdfQWEH53
Вотова Лариса Олеговна,Линезолид,1245-11-26,"Chemical_82 Chemical_82 Chemical_78
",Вотова_ЛО,asdfQWEjG6
Рыжекова Алиса Богдановна,Сетирозин,1531-11-26,"Chemical_2 Chemical_6 Chemical_37
",Рыжекова_АБ,asdfQWEH1G
Муренкаева Елизавета Аркадьевна,Омега-3 кислоты,0912-07-22,"Chemical_81 Chemical_59 Chemical_73
",Муренкаева_ЕА,asdfQWEG39
Мокрышева Зинаида Вадимовна,Бетаметазон,1935-10-15,"Chemical_36 Chemical_91 Chemical_93
",Мокрышева_ЗВ,asdfQWEg2L
Дащинский Ярослав Данилович,Мидокалм,1198-09-04,"Chemical_66 Chemical_33 Chemical_93
",Дащинский_ЯД,asdfQWEG31
Полванова Клавдия Олеговна,Спазмалгон,1544-04-05,"Chemical_73 Chemical_90 Chemical_64
",Полванова_КО,asdfQWEkL1
Мираков Михаил Алексиевич,Росувастатин,1424-02-15,"Chemical_45 Chemical_6 Chemical_78
",Мираков_МА,asdfQWEGL6
Коненкина Софья Леонидовна,Дектанол,1878-10-03,"Chemical_24 Chemical_45 Chemical_72
",Коненкина_СЛ,asdfQWEg53
Лисанский Илья Максимович,Индометацин,1653-09-17,"Chemical_42 Chemical_85 Chemical_96
",Лисанский_ИМ,asdfQWEG6J
Домашников Яков Юрьевич,Ингавирин,1222-03-06,"Chemical_52 Chemical_85 Chemical_87
",Домашников_ЯЮ,asdfQWEmc5
Трошнин Павел Денисович,Парацетамол,1410-10-14,"Chemical_75 Chemical_4 Chemical_52
",Трошнин_ПД,asdfQWEG63
Акимочкина Александра Аркадьевна,Ниссан,1755-10-23,"Chemical_13 Chemical_37 Chemical_50
",Акимочкина_АА,asdfQWEj6v
Бушина Софья Олеговна,Глюкозамин,1262-08-12,"Chemical_62 Chemical_31 Chemical_84
",Бушина_СО,asdfQWEkF6
Коптикова Раиса Вадимовна,Небиволол,1613-07-27,"Chemical_54 Chemical_59 Chemical_29
",Коптикова_РВ,asdfQWEjn3
Матюшова Надежда Василевна,Сульфасалазин,1362-08-01,"Chemical_95 Chemical_17 Chemical_93
",Матюшова_НВ,asdfQWEG1m
Яйцев Григорий Петрович,Алпразолам,1829-04-02,"Chemical_100 Chemical_29 Chemical_69
",Яйцев_ГП,asdfQWEH2J
Пырькова Алина Викторовна,Вальтрекс,1704-12-07,"Chemical_36 Chemical_68 Chemical_52
",Пырькова_АВ,asdfQWEj62
Епанчина Клавдия Борисовна,Кладрибин,1451-07-16,"Chemical_28 Chemical_71 Chemical_67
",Епанчина_КБ,asdfQWEFv0
Михеюшкин Яков Игоревич,Тикалиптин,0905-03-24,"Chemical_72 Chemical_18 Chemical_7
",Михеюшкин_ЯИ,asdfQWEj82
Гнуздев Евгений Яковлевич,Золедроновая кислота,2002-09-15,"Chemical_27 Chemical_15 Chemical_14
",Гнуздев_ЕЯ,asdfQWEHg6
Мятченкова Евгения Сергеевна,Омепразол,1273-04-07,"Chemical_23 Chemical_29 Chemical_48
",Мятченкова_ЕС,asdfQWEk8G
Оруджалиев Герасим Данилович,Рамиприл,0916-05-19,"Chemical_33 Chemical_36 Chemical_98
",Оруджалиев_ГД,asdfQWEm1g
Зыбинов Борис Тимофеевич,Парацетамол,1184-05-26,"Chemical_41 Chemical_15 Chemical_54
",Зыбинов_БТ,asdfQWEmH2
Лужинская Евгения Евгеньевна,Росувастатин,1217-08-04,"Chemical_28 Chemical_3 Chemical_32
",Лужинская_ЕЕ,asdfQWEgK1
Типтева София Богдановна,Омепразол,1056-08-24,"Chemical_28 Chemical_97 Chemical_54
",Типтева_СБ,asdfQWEk1h
Маслеева Ольга Петровна,Пропанолол,1624-06-15,"Chemical_63 Chemical_10 Chemical_59
",Маслеева_ОП,asdfQWEh13
Чумакаев Денис Юриевич,Сульфасалазин,1852-09-27,"Chemical_75 Chemical_27 Chemical_11
",Чумакаев_ДЮ,asdfQWEF0n
Микрюков Аркадий Антонович,Урсофальк,1797-03-12,"Chemical_92 Chemical_86 Chemical_95
",Микрюков_АА,asdfQWEm4G
Пигунова Елизавета Федоровна,Триптаны,1546-12-10,"Chemical_14 Chemical_68 Chemical_42
",Пигунова_ЕФ,asdfQWEjF4
Ящикова Елизавета Максимовна,Бензоилпероксид,1887-05-26,"Chemical_5 Chemical_18 Chemical_3
",Ящикова_ЕМ,asdfQWEg4F
Аиненков Роман Леонидович,Мелатонин,1625-10-28,"Chemical_77 Chemical_76 Chemical_24
",Аиненков_РЛ,asdfQWEm23
Даданина Ксения Максимовна,Енап,0984-11-05,"Chemical_4 Chemical_7 Chemical_89
",Даданина_КМ,asdfQWEk4K
Вазильева Марина Яковлевна,Валацикловир,1000-10-15,"Chemical_31 Chemical_53 Chemical_1
",Вазильева_МЯ,asdfQWEh4g
Колокатов Владислав Вадимович,Лоразепам,1731-01-12,"Chemical_63 Chemical_47 Chemical_21
",Колокатов_ВВ,asdfQWEFv6
Мадаминова Валерия Валерьевна,Транексамовая кислота,1219-09-11,"Chemical_8 Chemical_80 Chemical_62
",Мадаминова_ВВ,asdfQWEH4K
Ловгинская Оксана Богдановна,Итрафунгол,1517-02-21,"Chemical_94 Chemical_29 Chemical_18
",Ловгинская_ОБ,asdfQWEjF8
Копнин Роман Юрьевич,Протоник,1148-05-10,"Chemical_30 Chemical_53 Chemical_37
",Копнин_РЮ,asdfQWEGj3
Бызин Александр Олегович,Тикалиптин,0953-10-01,"Chemical_93 Chemical_26 Chemical_28
",Бызин_АО,asdfQWEgc4
Валяскина Раиса Леонидовна,Агонал,1355-01-24,"Chemical_67 Chemical_61 Chemical_3
",Валяскина_РЛ,asdfQWEH6m
Щекина Евгения Федоровна,Азитромицин,1555-01-19,"Chemical_76 Chemical_69 Chemical_76
",Щекина_ЕФ,asdfQWEGc1
Лучшев Федор Алексеевич,Омега-3 кислоты,1231-01-14,"Chemical_58 Chemical_87 Chemical_97
",Лучшев_ФА,asdfQWEGm1
Хубежев Никита Борисович,Небиволол,1175-06-13,"Chemical_16 Chemical_71 Chemical_7
",Хубежев_НБ,asdfQWEkH8
Агакишиев Степан Алексеевич,Мифепристон,1911-06-06,"Chemical_54 Chemical_89 Chemical_44
",Агакишиев_СА,asdfQWEhj3
Сгонников Михаил Кириллович,Ингавирин,1463-01-04,"Chemical_67 Chemical_21 Chemical_35
",Сгонников_МК,asdfQWEkH1
Гермоченов Аркадий Леонидович,Кетопрофен,1948-11-11,"Chemical_74 Chemical_47 Chemical_87
",Гермоченов_АЛ,asdfQWEHh4
Анисинкова Катерина Аркадьевна,Золаир,1414-12-11,"Chemical_95 Chemical_7 Chemical_50
",Анисинкова_КА,asdfQWEGL7
Тормасова Клавдия Дмитриевна,Омепразол,1559-05-19,"Chemical_43 Chemical_18 Chemical_54
",Тормасова_КД,asdfQWEF58
Беклев Семён Яковлевич,Золедроновая кислота,1022-11-17,"Chemical_54 Chemical_97 Chemical_80
",Беклев_СЯ,asdfQWEj7h
Лузинов Вадим Михаилович,Дектанол,1537-12-04,"Chemical_16 Chemical_83 Chemical_46
",Лузинов_ВМ,asdfQWEg4k
Мизельков Дмитрий Викторович,Виагра,1414-09-17,"Chemical_29 Chemical_76 Chemical_67
",Мизельков_ДВ,asdfQWEFk8
Роговский Вадим Алексиевич,Иммунивит,1813-09-12,"Chemical_99 Chemical_11 Chemical_30
",Роговский_ВА,asdfQWEFc5
Затолопин Семён Олегович,Жасмин,1988-08-23,"Chemical_86 Chemical_34 Chemical_26
",Затолопин_СО,asdfQWEj97
Кущенкова Алиса Михайловна,Бисопролол,1176-03-21,"Chemical_77 Chemical_92 Chemical_31
",Кущенкова_АМ,asdfQWEg64
Хвощинская Катерина Федоровна,Золаир,0984-06-19,"Chemical_8 Chemical_80 Chemical_30
",Хвощинская_КФ,asdfQWEh2j
Шадыкина Кристина Яковлевна,Габапентин,1115-03-22,"Chemical_18 Chemical_15 Chemical_92
",Шадыкина_КЯ,asdfQWEJk2
Полхова Лариса Богдановна,Диклофенак,1391-04-27,"Chemical_99 Chemical_70 Chemical_85
",Полхова_ЛБ,asdfQWEgJ7
Капланская Кристина Дмитриевна,Золекс,1616-09-13,"Chemical_79 Chemical_52 Chemical_79
",Капланская_КД,asdfQWEHv6
Чушева Лиза Кирилловна,Кетопрофен,1839-02-24,"Chemical_6 Chemical_55 Chemical_56
",Чушева_ЛК,asdfQWEFg2
Ахмярова Вероника Михайловна,Виагра,1363-05-21,"Chemical_26 Chemical_28 Chemical_42
",Ахмярова_ВМ,asdfQWEgv3
Ксынкин Кирилл Олегович,Евалар солгар мультивитамини,1915-03-18,"Chemical_16 Chemical_27 Chemical_70
",Ксынкин_КО,asdfQWEh8H
Лантюгов Анатолий Адамович,Левофлоксацин,1760-06-01,"Chemical_21 Chemical_72 Chemical_4
",Лантюгов_АА,asdfQWEF9K
Бложкина Анна Ивановна,Норматен,1557-07-05,"Chemical_51 Chemical_67 Chemical_53
",Бложкина_АИ,asdfQWEj8m
Гейдаров Артур Викторович,Бензоилпероксид,1251-01-09,"Chemical_71 Chemical_94 Chemical_67
",Гейдаров_АВ,asdfQWEhg1
Челинцев Александр Максимович,Алпразолам,1971-11-07,"Chemical_52 Chemical_53 Chemical_81
",Челинцев_АМ,asdfQWEmc8
Горшенин Анатолий Фёдорович,Нимесулид,1976-01-19,"Chemical_7 Chemical_38 Chemical_13
",Горшенин_АФ,asdfQWEmL4
Гомбожапов Андрей Юриевич,Пентоксифиллин,1060-03-13,"Chemical_82 Chemical_78 Chemical_67
",Гомбожапов_АЮ,asdfQWEj8K
Беларова Вероника Михайловна,Бензоилпероксид,0979-04-08,"Chemical_86 Chemical_62 Chemical_41
",Беларова_ВМ,asdfQWEk4c
Шестимиров Михаил Фёдорович,Железа препараты,1887-03-13,"Chemical_87 Chemical_67 Chemical_20
",Шестимиров_МФ,asdfQWEGJ8
Масульская Инна Максимовна,Оланзапин,1286-04-02,"Chemical_18 Chemical_9 Chemical_77
",Масульская_ИМ,asdfQWEj2m
Сергушова Ева Викторовна,Железа препараты,1858-03-15,"Chemical_30 Chemical_69 Chemical_24
",Сергушова_ЕВ,asdfQWEmG4
Свецкая Наталья Ивановна,Диклофенак,1296-10-17,"Chemical_63 Chemical_31 Chemical_40
",Свецкая_НИ,asdfQWEFm4
Пудинова Мария Андреевна,Сетирозин,0961-06-17,"Chemical_26 Chemical_95 Chemical_60
",Пудинова_МА,asdfQWEk4L
Тихнова Ольга Богдановна,Глюкозамин,1124-07-15,"Chemical_86 Chemical_62 Chemical_81
",Тихнова_ОБ,asdfQWEkm3
Кофтерова Алёна Никитична,Левотироксин,1268-01-22,"Chemical_99 Chemical_59 Chemical_84
",Кофтерова_АН,asdfQWEg4H
Модоров Яков Фёдорович,Агонал,1157-01-26,"Chemical_43 Chemical_32 Chemical_25
",Модоров_ЯФ,asdfQWEk58
